FID_webmap,SimpleRegion,report_url
11,SanLuisBasin,https://geoinfo.nmt.edu/publications/openfile/downloads/400-499/492/ofr-492.pdf
11,SanLuisBasin,https://geoinfo.nmt.edu/publications/openfile/downloads/500-599/505/ofr-505_LR.pdf
4,SanLuisBasin,https://geoinfo.nmt.edu/publications/openfile/downloads/500-599/581/OFR-581_South_Taos_Valley.pdf
11,SanLuisBasin,https://geoinfo.nmt.edu/publications/openfile/downloads/500-599/596/OFR-596_Picuris.pdf
1,SanLuisBasin,https://geoinfo.nmt.edu/publications/openfile/downloads/600-699/607/OFR-607_sunshine_valley.pdf
15,SanLuisBasin,https://geoinfo.nmt.edu/publications/periodicals/nmg/32/n1/nmg_v32_n1_p26.pdf
11,SanLuisBasin,https://geoinfo.nmt.edu/resources/water/amp/brochures/BWA/San_Luis_Basin_FBWQNM.pdf
15,SanLuisBasin,https://geoinfo.nmt.edu/publications/openfile/downloads/500-599/506/OFR-506.pdf
3,SanLuisBasin,https://geoinfo.nmt.edu/publications/openfile/downloads/500-599/578/OFR-578_Report.pdf
28,TularosaBasin,https://geoinfo.nmt.edu/publications/openfile/downloads/500-599/582/OFR-582_ETB_brackishLR.pdf
21,TularosaBasin,https://geoinfo.nmt.edu/publications/openfile/downloads/500-599/559/OFR559_White_Sands.pdf
23,TularosaBasin,https://geoinfo.nmt.edu/publications/openfile/downloads/500-599/561/OFR_561_LR.pdf
23,TularosaBasin,https://geoinfo.nmt.edu/publications/openfile/downloads/500-599/562/OFR-562.pdf
2,RoswellArtesianBasin,https://geoinfo.nmt.edu/publications/openfile/downloads/500-599/521/ofr_521.pdf
2,RoswellArtesianBasin,https://geoinfo.nmt.edu/publications/openfile/downloads/500-599/503/ofr_503.pdf
2,RoswellArtesianBasin,https://geoinfo.nmt.edu/publications/guides/decisionmakers/2003/DecisonMakers2003.pdf
2,RoswellArtesianBasin,https://www.researchgate.net/profile/Lewis-Land-2/publication/264852032_Evaporite_Karst_and_Regional_Ground-Water_Circulation_in_the_Lower_Pecos_Valley_of_Southeastern_New_Mexico/links/54dbb12c0cf28d3de65bf55d/Evaporite-Karst-and-Regional-Ground-Water-Circulation-in-the-Lower-Pecos-Valley-of-Southeastern-New-Mexico.pdf
2,RoswellArtesianBasin,https://onlinelibrary.wiley.com/doi/epdf/10.1111/j.1752-1688.2007.00146.x
2,RoswellArtesianBasin,https://www.researchgate.net/profile/Lewis-Land-2/publication/226610480_Multi-tracer_investigation_of_groundwater_residence_time_in_a_karstic_aquifer_Bitter_Lakes_National_Wildlife_Refuge_New_Mexico_USA/links/54dbb12c0cf2a7769d924d3e/Multi-tracer-investigation-of-groundwater-residence-time-in-a-karstic-aquifer-Bitter-Lakes-National-Wildlife-Refuge-New-Mexico-USA.pdf
2,RoswellArtesianBasin,https://scholarworks.sfasu.edu/cgi/viewcontent.cgi?article=1010&context=geology
13,EspanolaBasin,https://geoinfo.nmt.edu/publications/openfile/downloads/500-599/511/OFR-511.pdf
13,EspanolaBasin,https://geoinfo.nmt.edu/publications/openfile/downloads/500-599/520/Map/OFR-520_Water_Level_Oct09_LR.pdf
13,EspanolaBasin,https://geoinfo.nmt.edu/publications/openfile/downloads/500-599/550/OFR-550.pdf
13,EspanolaBasin,https://watermark.silverchair.com/i1553-040X-3-6-596.pdf?token=AQECAHi208BE49Ooan9kkhW_Ercy7Dm3ZL_9Cf3qfKAc485ysgAAA1EwggNNBgkqhkiG9w0BBwagggM-MIIDOgIBADCCAzMGCSqGSIb3DQEHATAeBglghkgBZQMEAS4wEQQMWFGs2v2pfP0kCu8GAgEQgIIDBLtkOHM4qmXENMraSPt2I-VuD9xw40sezhbcljGKSc9mMEbDKZgPydfTstoUkRMHUoxG-uC-uFzd-F-4NDXsVDCV_n9nHyxiOVppSmBl6Ge6bw71k9HXSK_bXk-XCdlv0ZddvnJyqbXO6q9ZB2CSGheP3u9iO7elFxrmEwgj9MwRZpmfpYRyaVRb5z-sLzoPZJm1T67tY-igulvh8ExAHGAww_u2BTjQSvNER1yBaviEquXaSjG3JV6tNw7Il-squ9F2fde5Emtcfn-eEVvtEOzkokIo5pz4Z47Z9h34aZfLCWky0fNaTtWoICrTrMYIM_y_REic19ndgC1ptwJ4C55Cfu6gtoTbeFmaW7tIiaciwobvMpOQ5-jo-8sUT4V0h7dcU4z9l6EbAuYoWqucAF68QdpQ9xoAMJkyQDsPY_KOHsVR_bnk1_o5cK03CTGJcWO65xPLYx2vv6HOYZFpa-LbiatypfVhOnpcvWd22OkcPYRgPMz8ABpdxNMdI9B9fdrnE_d0EvGwGKGq2LwhiXjKvtYtI5Eq6MaSo_5tKRLctBcXQpS2QQDvwqniOPmgZa9TEvQv72qY757FUgTJXog3rU7u4OrRlXmhwK79_3-O-mYtIaaREcqlF0pjRJYtg63qtB-YxX8IT6fou-z26gbJGbKjuTkg0_r0CIwOmkCntlikL1g_n9lQ31cTopEISLuq418ffo0YS09NPzQW6ybFUbS8y0cwouY6gADsb-mOxhB6SVR5amgKimTX4tV6ZDHg5w1Bn6DpieIpcIKRT_7Ub0Y-63z71hANH_OVtVH8fAe7M_hAAWUnlNjNSC9xdDSHZ47ElNY8xWxykq0r9dTl7VIO46FLSrI7HF99giJy1crhm4F3kwSCAtp_GwwGMDiKv6nbTsKk6Ud7XsZCtCVYceX_b8dEvmpDsc3CVzi3kArHqjTUppmcF2GDIA-z1XeT_gXfFyTDgqXtutb3I1Wxibk80bsHRe45R73x74XqHETly097QqgbmET4GBKiC6U_BTU
13,EspanolaBasin,https://pubs.usgs.gov/pp/1761/downloads/pdf/PP1761.pdf
13,SantoDomingoBasin,https://pubs.usgs.gov/pp/1720/downloads/pdf/p1720D.pdf
13,EspanolaBasin,https://nmgs.nmt.edu/publications/guidebooks/downloads/58/58_p0209_p0224.pdf
13,EspanolaBasin,https://nmgs.nmt.edu/publications/guidebooks/downloads/58/58_p0475_p0484.pdf
13,EspanolaBasin,https://pubs.usgs.gov/pp/1720/downloads/pdf/p1720G.pdf
22,SacramentoMountains,https://geoinfo.nmt.edu/publications/openfile/downloads/500-599/542/Map/OFR-542_watertable_150k_LR.pdf
22,SacramentoMountains,https://geoinfo.nmt.edu/publications/openfile/downloads/500-599/543/OFR-543_LR.pdf
22,SacramentoMountains,https://geoinfo.nmt.edu/publications/guides/decisionmakers/2003/DecisonMakers2003.pdf
16,UnionCounty,https://geoinfo.nmt.edu/publications/openfile/downloads/500-599/570/OFR570_UnionCounty_Clayton_WaterBasin_report.pdf
16,UnionCounty,https://geoinfo.nmt.edu/publications/openfile/downloads/500-599/555/OFR-555_Union_County.pdf
18,SanJuanBasin,https://geoinfo.nmt.edu/publications/openfile/downloads/500-599/566/ofr-566_report.pdf
18,SanJuanBasin,https://geoinfo.nmt.edu/publications/openfile/downloads/500-599/592/OFR-592_Animas_River.pdf
18,SanJuanBasin,https://geoinfo.nmt.edu/publications/openfile/downloads/500-599/567/ofr_567.pdf
19,PalomasBasin,https://geoinfo.nmt.edu/publications/openfile/downloads/500-599/551/OFR-551_TorC.pdf
19,PalomasBasin,https://pubs.usgs.gov/of/2002/ofr02197/documentation.pdf
19,MesillaBasin,https://nmwrri.nmsu.edu/publications/technical-reports/tr-documents/tr330.pdf
17,Magdalena,https://geoinfo.nmt.edu/publications/openfile/downloads/500-599/556/OFR-556_%20Magdalena_%20August-2013.pdf
6,SacramentoMountains,https://geoinfo.nmt.edu/publications/openfile/downloads/500-599/576/OFR-576_SM_watershed_study.pdf
20,JornadaDelMuertoBasin,https://geoinfo.nmt.edu/publications/openfile/downloads/500-599/575/OFR-575_JDM_Landform_report_LR.pdf
20,JornadaDelMuertoBasin,https://geoinfo.nmt.edu/publications/openfile/downloads/500-599/573/OFR-573_Jornada_del_Muerto_report_LR.pdf
29,CentralHighPlains,https://geoinfo.nmt.edu/publications/openfile/downloads/500-599/580/OFR-580_Clovis_Portales_LR.pdf
29,CentralHighPlains,https://geoinfo.nmt.edu/publications/monographs/bulletins/downloads/162/B-162.pdf
26,EspanolaBasin,https://geoinfo.nmt.edu/publications/openfile/downloads/500-599/586/OFR-586_Pena_Blanca.pdf
0,AlbuquerqueBasin,https://geoinfo.nmt.edu/publications/openfile/downloads/600-699/605/OFR-605_ABQMAR_report.pdf
14,EspanolaBasin,https://geoinfo.nmt.edu/publications/openfile/downloads/600-699/613/OFR-613_La_Cienega_2020.pdf
14,EspanolaBasin,https://geoinfo.nmt.edu/publications/openfile/downloads/600-699/604/OFR-604_La_Cienega_2019.pdf
14,EspanolaBasin,https://geoinfo.nmt.edu/publications/openfile/downloads/600-699/602/OFR-602_La_Cienega_2018_fall_report.pdf
14,EspanolaBasin,https://geoinfo.nmt.edu/publications/openfile/downloads/600-699/600/OFR-600_La_Cienega_2017_report.pdf
14,EspanolaBasin,https://geoinfo.nmt.edu/publications/monographs/bulletins/downloads/161/B161.pdf
25,SanJuanBasin,https://geoinfo.nmt.edu/publications/openfile/downloads/600-699/612/OFR-612.pdf
25,SanJuanBasin,https://geoinfo.nmt.edu/geoscience/research/documents/26/FTR/FTR_Animas_River_Sept_2016_LR.pdf
48,EstanciaBasin,https://geoinfo.nmt.edu/publications/openfile/downloads/600-699/609/OFR-609.pdf
49,PecosSlope,https://geoinfo.nmt.edu/publications/openfile/downloads/600-699/614/OFR-614_report.pdf
50,MimbresBasin,https://link.springer.com/content/pdf/10.1007/s10040-022-02549-7.pdf
50,MimbresBasin,https://geoinfo.nmt.edu/publications/openfile/downloads/600-699/616/OFR-616_February2022.pdf
50,MimbresBasin,https://nmgs.nmt.edu/publications/guidebooks/downloads/59/59_p0189_p0198.pdf
5,SanAgustinPlains,https://pubs.usgs.gov/sir/2022/5029/sir20225029.pdf
5,SanAgustinPlains,https://geoinfo.nmt.edu/publications/openfile/downloads/600-699/611/OFR_611.pdf
5,SanAgustinPlains,https://geoinfo.nmt.edu/publications/openfile/downloads/600-699/615/OFR-615_SanAgustinPlainsHydrogeology.pdf
51,SaltBasin,https://geoinfo.nmt.edu/publications/openfile/downloads/600-699/618/OFR-618_SaltBasin.pdf
51,SaltBasin,https://geoinfo.nmt.edu/publications/openfile/downloads/600-699/608/OFR-608_Salt_Basin_revised_Oct_2020.pdf
54,DelawareBasin,https://geoinfo.nmt.edu/publications/openfile/downloads/600-699/623/OFR_623.pdf
55,AlbuquerqueBasin,https://geoinfo.nmt.edu/resources/water/projects/home.cfml?id=134
55,AlbuquerqueBasin,https://pubs.usgs.gov/sim/3433/sim3433_pamphlet.pdf
55,AlbuquerqueBasin,https://watermark.silverchair.com/spe494-15.pdf?token=AQECAHi208BE49Ooan9kkhW_Ercy7Dm3ZL_9Cf3qfKAc485ysgAAAy4wggMqBgkqhkiG9w0BBwagggMbMIIDFwIBADCCAxAGCSqGSIb3DQEHATAeBglghkgBZQMEAS4wEQQMNoZPzPz6me0xhJwhAgEQgIIC4W760HNbTh4v0g5lbTKAQ7Bnk3Mb15QZ0GNfwgazGf31dWKXNGO4g3RzQQF0Y6X2Lh6HxrZYzsWh0n4wo8W1G-HwsaZkxQwyG87XtIu56TpPDaci1iOXhMchiC02yrtgZd-tZ1gIi5wIBtYERvMo-W0eHmwytIACEfBAgKD6xTeMknJOHw-hhxYPsDurppw9hi8ZCJluJjM79cpc2ak4rmNDWOPoWwKQktgfEHA6g15EEtXCdC1KMcl0buUZUFUYBIr6qI26U9xKvNAuoSzPr6edH5bEFFpGVHmRRHq3m19ahm0MfRDXbAVHDcEWcJ194DhW78ORIkoA50Uah6MIN4Hx9sN1xa3yJXqHvV1FbJDC0-zdLrB5VYaXIgDaMqgF1y79upq847ANDX6C84e93hG0i1XysE8CHSNNEIe5v_x1KII7G95hZ10BFTEcIjhHKSypfYbNhwgdwL7vu8v3UeKC9nqULqRfUU1tRpzggbMUY--3bVQYNSfBroZH4a3B3Tdg4v-5aivw2_UUAGTDB7zpZKuF8s8ICGTQMH-xOQcr_aBmSCZOFck-7GR-qUaBR-wDKM7HViEwh4j9uUEGySoOG129TrPBDmdYqjKSG2Yznky6RirZNoKAAqEAxuQMDlpkwEgElr-EE4oVXpS9UUdrF7Ci2diVfEe3BrDb8RNq9EYogLCc8hrSESS5hothP8i6jnGq6FjBdfyv7eXFBc9Xg2ubHbmDdDYVxLPZ-HgYxu-soCo6H1kxabdA-Jk-jDGZICIfD7NqpFSVLcSCKRfwLPxwxMigmmjsSDjf0Y6CzJQzL72HzAav2mNd6URpDJ5mdrg9esJuSGlOmGg9z8yAvn7BsqfHMjZJNPPnZEV_YftGYp75NsQnR76Mki-yuQQ_hZLWG43uPCl6q2sBAlnJOGa7arKTKaZ5ftUQ5nCVIttng-46SRSDjsogXG6Fj-JdIr8zm9M_Pkh3np_8fVJ0
55,AlbuquerqueBasin,https://nmgs.nmt.edu/publications/guidebooks/downloads/58/58_p0195_p0208.pdf
55,AlbuquerqueBasin,https://watermark.silverchair.com/spe494-16.pdf?token=AQECAHi208BE49Ooan9kkhW_Ercy7Dm3ZL_9Cf3qfKAc485ysgAAAy4wggMqBgkqhkiG9w0BBwagggMbMIIDFwIBADCCAxAGCSqGSIb3DQEHATAeBglghkgBZQMEAS4wEQQM8qUKbjkS3rnoSU-PAgEQgIIC4ScfCnHkwBu6A8qzyRWfrc0C5ayomUGTSnkw9W3qzVbQPDFPk7XQa5B0P_s1OO1TcDwytZfTgN_nHgsMCFvt9QeWG-OIDkukKWYqzCzLrWLu3ygJAENPcVLwnQoMKF8BMqYR0SXcdhpmgOK-Gn3k6LCzwJ4aoHdS2da8Yf3eiT-tBKj3yFkxp6p_swYmn5gh_4QwTcYRUFrbMO6lfKuJUaITRzNqCo2RYxskr76PCRtA8DnK0uYSurExMHta2OSMf2Vob7S_X06T9hjtLzeNfLIOlHxyyVMOJSHszxvNubMahr8j3-QgZ7IvO-ZrghAzBHoqGA-cZQBpsU_PBYh11aTmx-q4J2S2uCkp2EFgvUSWdzqbSOcktYvJuRbCV2jxmlMt0LY-WMafoXPCsdYDjRFqSjzHmUOdcD0rCaJ9e_2HkzX-s1aGdVLZ_h2WXNzGZG-bWwBl0JA-z7lhd-p9lKxI67nClvq8z7MflWf9P-Gq4xIYGlzc3fdr6L1KDL0EebFHzW7Yba04zm6_UQcs71YYeIMAHGCx5GSYh8ua92RTl49iEe31e0ej2j5mYRCU8R806xfiDO9Gicc_jwrHDx4Aijh8yYTDzgqQ0ncZGwYmDmNU3yisu00sApsrtqlIBAA-kqqXmwYojIb4lBd865NsPNywkccg2Tvq758KgDA4nOpatrs5ke29ma_u5cV5sLt0VXrFlKh4-Ni-85o1CU-r2v_v_7gWJhDJrbr9iwFETf4q0OHeazuph7TwxCAOOWZ_0zxTjfzoCzFyKsQuummpWObyyf677KEKLxk9Zcgw2sknlKoA3MQIfmiVsF8o_Uk3DiMau1Tm6h28w_bmJML7Z80-Twqbzr0Oi1gvtLIotT7WgqjRxembJA8oTDPhplcH0hQbGLrCh4hmU4LDFn6_2XpH-V34ceiw08w2o1tOTUU0GTO80_gYCgCziUS1Og6MYW5xrc6uCYvVAuuS9MJU
55,AlbuquerqueBasin,https://pubs.usgs.gov/pp/1719/pdf/P1719_508.pdf
57,CentralHighPlains,https://geoinfo.nmt.edu/publications/openfile/downloads/600-699/626/OFR-626.pdf
58,RioArriba,https://geoinfo.nmt.edu/publications/openfile/downloads/600-699/630/OFR_630.pdf
59,AlbuquerqueBasin,https://geoinfo.nmt.edu/publications/openfile/downloads/600-699/632/OFR_632.pdf
64,MiddleRioGrande,https://geoinfo.nmt.edu/publications/openfile/downloads/600-699/631/OFR_631.pdf
