Report,Question,Answer,fichera_assessment
Johnson2002_AnalysisOfEffectsOfGWDevelopmentToMeetProjectedDemandsRegionalPlanningDistrict4.pdf,"If specific hydrogeologic properties were published, how were they determined? If no specific hydrogeologic properties were reported, answer ""N/A"".","N/A

o3-mini Evaluation:
Correct?: No

Explanation: The report does provide specific hydrogeologic properties—in particular, it discusses simulated saturated thickness (an average of 470 feet pre-development, with about 350 feet remaining by 2040) and identifies the productive upper Gila hydrostratigraphic units. These properties were derived from a simulation using the Lower Animas-Lordsburg groundwater flow model and by incorporating hydrogeologic information from previous studies (e.g., Hawley et al., 2000).

Corrected Answer (if needed): They were determined using a numerical groundwater flow simulation (the Lower Animas-Lordsburg model) combined with hydrogeologic analysis that incorporated information from previous studies (such as Hawley et al., 2000) to characterize the productive upper Gila hydrostratigraphic units.",reports hydraulic conductivity but doesn't cite sources
Johnson2002_AnalysisOfEffectsOfGWDevelopmentToMeetProjectedDemandsRegionalPlanningDistrict4.pdf,What are the future work recommendations for this study? Please be detailed.,"Based on the report’s methods and the recognized limitations of a regional-scale analysis, the following future work recommendations can be inferred:

• Refine and update models with more current and site-specific data. This includes improving estimates of pumping rates, water-level measurements, well-construction details, and local hydrogeologic parameters so that drawdowns at individual wells can be better predicted.

• Expand and improve monitoring of water levels over time. More frequent and systematic observations—both in municipal and irrigation wells—would allow for better calibration of the models and earlier detection of any localized declines or unexpected changes.

• Conduct site-specific well evaluations. Because the report highlights that well-specific factors (e.g., construction, maintenance, localized geology) can significantly affect drawdowns, additional field testing and tailored analyses are recommended before making decisions about individual wells or smaller well fields.

• Revisit assumptions on minimum water-column requirements. The report uses thresholds (e.g., 30 percent of initial water column or at least 100 feet), but these might not apply equally to all wells. Studying actual experience in the field under different pumping scenarios would help refine those thresholds.

• Integrate surface-water considerations where possible. Since Gila River surface water could offset some of the future pumping demands, further analysis should examine how well-coordinated groundwater–surface-water management might reduce reliance on wells and extend aquifer life.

o3-mini Evaluation:
Correct?: No

Explanation: The provided answer lists several logical recommendations (such as refining models with updated data, improving water‐level monitoring, conducting site‐specific evaluations, revisiting water-column assumptions, and integrating surface-water data). However, the report excerpt does not explicitly state these as future work recommendations. While some of these points are reasonable inferences from the discussion of limitations (for example, noting that “it is not the purpose of this report to precisely determine the life expectancy of specific wells” and that the thresholds used “may not be appropriate for all the wells evaluated”), the report does not present a clear, detailed list of future work recommendations. The answer, therefore, includes inferred points that are not directly supported by specific quotes or sections in the provided text.

Corrected Answer (if needed): 
The report does not list a formal set of future work recommendations. However, based on the limitations discussed in the analysis—for example, the reliance on regional assessment methods and the recognition that well‐specific factors (such as individual well construction and local hydrogeologic conditions) were not fully evaluated—it is reasonable to infer that future studies could consider the following:

• Revising and refining the numerical models by incorporating more current, site‐specific data (including detailed pumping records, updated water-level measurements, and precise well‐construction information) to improve the accuracy of drawdown predictions.  
  (See discussion on the limitations of regional-scale analysis and the need for better estimates of individual well conditions.)

• Establishing a more comprehensive monitoring program that systematically tracks water levels in both municipal and irrigation wells to better calibrate the models and capture variations over time.  
  (This inference is supported by the report’s note that historical pumping and regional conditions were used and that finer scale evaluation might be necessary.)

• Conducting targeted, well‐specific evaluations through additional field tests and analyses to validate model results before making decisions about specific wells or smaller well fields.  
  (The report cautions that “conclusions presented here should be used for regional planning purposes only, and not for detailed decisions about well-specific operations.”)

• Reassessing the assumptions regarding minimum water-column requirements (e.g., the 30 percent threshold or a minimum of 100 feet) by comparing the threshold with actual operational experiences under various pumping scenarios.  
  (The text notes that “these thresholds may not be appropriate for all the wells evaluated,” suggesting the need for further investigation.)

• Evaluating the role of alternative water sources such as surface-water supplies (e.g., from the Gila River) in meeting future demands, which might reduce the reliance on groundwater pumping.  
  (The introduction discusses the potential of Gila River water as an alternative, indicating that integrated management strategies could be explored.)

These inferred recommendations are based on the limitations and discussions within the report but are not explicitly stated as “future work recommendations” in the document.",ok
Johnson2002_HydrogeoAndPreliminarySimulationOfGWFlowInLowerAnimasAndLordsburgBasins.pdf,"Does the study include water chemistry data (e.g. major ions, isotopes, pH, salinity, specific conductance)?","Yes. In particular, O’Brien and Stone (1982a) specifically compiled “water-quality data” for the Animas Valley study, which indicates that major ions and other standard water‐chemistry parameters (such as pH, salinity, and specific conductance) were included.

o3-mini Evaluation:
Correct?: No  
Explanation: Although the report cites O’Brien and Stone (1982a) as having compiled “water‐quality data” for the hydrogeologic study, the report itself does not specify which water chemistry parameters (e.g., major ions, isotopes, pH, salinity, specific conductance) were included. In particular, there is no clear statement that isotopic data were measured or that all the listed parameters were considered.  
Corrected Answer (if needed): The study does include water‐quality data as referenced by O’Brien and Stone (1982a), which implies that standard water‐chemistry parameters (such as major ions, pH, salinity, and specific conductance) might have been measured. However, the report does not explicitly state that isotopic data were included.",ok
Kennedy2000_HydrogeologicFrameworkOfBasinFillAquifersAndGWFlowSystemsSouthwestNM.pdf,What is the title of the study?,"It is not explicitly stated in the excerpt, but the work described is generally referred to as the “Trans-International Boundary Aquifer Project.”

o3-mini Evaluation:
Correct?: No  
Explanation: The excerpt does not state that the study is titled ""Trans-International Boundary Aquifer Project."" Instead, this phrase appears only in the acknowledgments as the name of the project that funded the work, not the title of the study. The actual title is provided in the document's metadata as indicated by the file name.  
Corrected Answer (if needed): The title of the study is ""Hydrogeologic Framework of Basin-Fill Aquifers and Ground-Water Flow Systems, Southwest New Mexico."" This is inferred from the file name ""Kennedy2000_HydrogeologicFrameworkOfBasinFillAquifersAndGWFlowSystemsSouthwestNM.pdf.""",ok
Kennedy2000_HydrogeologicFrameworkOfBasinFillAquifersAndGWFlowSystemsSouthwestNM.pdf,What are the future work recommendations for this study? Please be detailed.,"Future work is not explicitly stated in the listed references, but several areas of potential research can be inferred:

• Additional Data Collection and Mapping:  
  – Collect higher-resolution geophysical and subsurface data (e.g., new well logs, seismic profiles) to refine aquifer boundary definitions and improve understanding of sedimentary and structural heterogeneity.  
  – Extend geologic mapping (e.g., surficial and bedrock mapping) to better delineate transition zones between fluvial, alluvial, and lacustrine deposits.  

• Enhanced Groundwater Modeling and Analysis:  
  – Update existing flow models (e.g., those cited by O’Brien & Stone and Peterson et al.) using new hydrological, geochemical, and geophysical datasets.  
  – Focus on quasi-three-dimensional or fully three-dimensional modeling to capture complex structural controls (faults, folding) on groundwater flow.  

• Climate and Recharge Studies:  
  – Investigate how climatic variability might influence recharge along mountain fronts and basin margins, following approaches advocated by Morrison (1991) and Wasiolek (1995).  
  – Examine the effects of modern drought conditions on aquifer storage and water quality, building on Maxey’s (1968) and Mifflin’s (1988) work on desert hydrology.  

• Interdisciplinary Approaches:  
  – Integrate tectonic, sedimentologic, and hydrologic frameworks (see Mack & Seager’s tectonic control studies) to evaluate how active faulting and basin subsidence influence aquifer connectivity.  
  – Incorporate paleontological and paleoecological data (e.g., from Van Devender & Worthington, 1978) to reconstruct past hydrologic conditions and anticipate future aquifer responses.  

These recommendations would refine the regional hydrogeologic framework, guide sustainable groundwater management, and deepen understanding of how tectonic and climatic factors shape the aquifer systems in southwestern New Mexico.

o3-mini Evaluation:
Correct?: No

Explanation: The report is a list of references and does not explicitly state any future work recommendations. The provided answer infers potential research directions that are not mentioned or supported by any specific quotes or sections from the report.

Corrected Answer (if needed): The report does not provide any explicit recommendations for future work. It consists solely of a bibliography of studies related to the hydrogeologic framework and groundwater flow systems in southwestern New Mexico, without outlining any specific directions for future research.",ok
